K Size,SSE Score,MSC Score
2,767.9546008024927,0.0063610783287521705
3,744.7045644441333,0.007206187810077628
4,728.4830837716023,0.008478022068167147
5,727.6331701332448,0.008120414462908288
6,709.4177556222614,0.008716259454391157
7,712.7944375,0.011763847
8,708.2878268999997,0.0095488
9,698.0188674,0.010488371000000002
10,682.4762947,0.013357441999999999
